{
  "frame_id": "map",
  "poses": [
    {
      "position": { "x": 0.33168425581824224, "y": -0.4151713954647523, "z": 0.0 },
      "orientation": { "x": 0.0, "y": 0.0, "z": 0.0, "w": 1.0 }
    },
    {
      "position": { "x": 1.484796767894606, "y": -1.0847787108326443, "z": 0.0 },
      "orientation": { "x": 0.0, "y": 0.0, "z": 0.0, "w": 1.0}
    },
    {
      "position": { "x": 2.0494935634959046, "y": -1.7946166191316058, "z": 0.0 },
      "orientation": { "x": 0.0, "y": 0.0, "z": 0.0, "w": 1.0}
    },
    {
      "position": { "x": 2.2309374833448743, "y": 0.6937327579010735, "z": 0.0 },
      "orientation": { "x": 0.0, "y": 0.0, "z": 0.0, "w": 1.0 }
    }
  ]
}
